article,images
Africa Day,2
Agriculture in South Africa,11
Convenience food,10
African music,19
Acid,13
!Kung people,0
Alcohol dependence,2
Alcohol abuse,9
AIDS orphan,2
Aloe vera,11
Aloe,44
Animal husbandry,4
Animal husbandry in South Africa,3
Animal-powered transport,3
Alcoholism,16
Atom,28
Apartheid,32
Base (chemistry),1
Automobile,31
Bias,3
Boiling,5
Borehole,4
Bullying,2
Bill of Rights (South Africa),4
Bicycle,58
Bird nest,36
Castle of Good Hope,16
Biome,13
Cell (biology),26
Ceramic,12
Child abuse,9
Circuit diagram,12
Child abuseChild abuse,0
Clay,12
Children's Day,33
Children's Act (South Africa),1
Coal in South Africa,8
Climate,23
Cradle of Humankind,5
Cooking,19
Decanting,5
Control variable,1
Coal,34
Design,11
Dependent and independent variables,3
Discrimination,30
Duration (music),4
Domestic violence in South Africa,8
Economy of South Africa,16
Drakensberg,19
Domestic violence,35
Ecosystem,32
Electrical conductor,6
Electrical network,5
Electricity generation,24
Farm,23
Fiber,7
Fire safety,6
Energy in South Africa,5
Fair trade,18
Flag of South Africa,22
Food vs. fuel,7
Food groups,4
Food security,35
Frances Baard,0
Freedom Day (South Africa),3
Free State (province),17
Food,61
Food pyramid (nutrition),16
Gana and Gwi people,1
Gangster,19
Gauteng,20
Griqua people,11
Glass,91
Gender stereotypes,41
Hand washing,20
Health,12
Heritage Day (South Africa),3
Herero and Namaqua Genocide,25
Health care in South Africa,5
History of South Africa,76
History of writing,12
Home safety,0
Hottentot Venus,20
HIV,27
Human Rights Day,7
Human nutrition,10
HIV/AIDS,32
Human swimming,17
Hydraulics,8
Insulator (electricity),24
Khoikhoi,12
Khoikhoi mythology,2
Later Stone Age,4
Liquid fuel,3
Latitude,24
List of South Africans,66
Longitude,10
Malaria,31
Mandela Day,3
Mahatma Gandhi,68
Map,21
Mapungubwe,19
Mapungubwe Museum,7
Mining industry of South Africa,8
Mapungubwe National Park,7
Mpumalanga,9
Music of South Africa,2
National anthem of South Africa,1
National symbols of South Africa,12
Nest,16
Oliver Tambo,4
Noise pollution,10
National Women's Day,4
Nelson Mandela,58
Outer space,32
People Against Gangsterism and Drugs,5
Outline of domestic violence,2
Paper,10
Petrol-paraffin engine,9
Pneumatics,2
Pitch (music),5
Politics of South Africa,9
Pollution,24
Rail transport in South Africa,6
Rail transport,57
Reconciliation Day,1
Reproduction,7
Road map,12
Right to food,13
San healing practices,0
Rock (geology),18
San languages,1
San religion,2
San rock art,2
San people,15
Republic of South Africa,86
Sand,21
Scale (map),22
Scientific classification (disambiguation),1
Settling,6
Sieving,8
Scientific method,26
Sexism,41
Sound,13
Soil,48
South African cuisine,23
Standard Model,11
Structure (disambiguation),1
South African locomotive history,341
Stereotype,15
Steve Biko,4
Tap (valve),15
Textile,28
Transport in South Africa,9
Trade,18
Transport,42
Two foot gauge railways in South Africa,4
Vibration,25
Volume (disambiguation),1
Walter Sisulu,3
Water filter,5
Water privatization in South Africa,0
Water pollution,38
Water supply and sanitation in South Africa,11
Water well,38
Wax,17
Western Cape,27
Wetlands,24
Wildlife conservation,5
Wildlife management,5
Winnie Madikizela-Mandela,5
Wood,39
Youth culture,4
Fire safety,6
Wool,37