article,references
Convenience food,34
Africa Day,3
Agriculture in South Africa,16
Acid,3
African music,15
!Kung people,15
AIDS orphan,5
Alcohol abuse,66
Alcohol dependence,12
Aloe vera,63
Alcoholism,175
Aloe,18
Animal husbandry,4
Animal husbandry in South Africa,4
Animal-powered transport,0
Apartheid,187
Atom,141
Automobile,72
Base (chemistry),12
Bias,10
Bicycle,119
Bill of Rights (South Africa),4
Biome,11
Boiling,8
Borehole,5
Bird nest,107
Bullying,90
Castle of Good Hope,10
Cell (biology),29
Ceramic,11
Child abuse,202
Circuit diagram,9
Clay,7
Child abuseChild abuse,0
Children's Act (South Africa),0
Children's Day,52
Climate,51
Coal in South Africa,25
Control variable,1
Decanting,0
Coal,141
Cooking,37
Cradle of Humankind,7
Dependent and independent variables,16
Design,36
Domestic violence in South Africa,22
Drakensberg,19
Discrimination,137
Domestic violence,351
Duration (music),2
Economy of South Africa,111
Electrical conductor,2
Ecosystem,46
Energy in South Africa,19
Electrical network,0
Farm,27
Electricity generation,22
Fair trade,169
Fiber,9
Fire safety,8
Flag of South Africa,10
Food groups,10
Food pyramid (nutrition),41
Food,93
Food security,133
Food vs. fuel,145
Frances Baard,7
Gana and Gwi people,0
Freedom Day (South Africa),2
Free State (province),4
Gangster,53
Gauteng,73
Griqua people,8
Hand washing,64
Glass,57
Gender stereotypes,185
Health,43
Health care in South Africa,26
Heritage Day (South Africa),5
Herero and Namaqua Genocide,88
History of South Africa,159
History of writing,37
HIV,124
Home safety,4
HIV/AIDS,265
Hottentot Venus,59
Human Rights Day,19
Human nutrition,95
Human swimming,23
Hydraulics,9
Insulator (electricity),9
Khoikhoi,9
Khoikhoi mythology,27
Later Stone Age,7
Latitude,16
Liquid fuel,3
Longitude,11
List of South Africans,2
Mandela Day,6
Map,6
Mapungubwe Museum,1
Malaria,190
Mapungubwe,11
Mahatma Gandhi,275
Mapungubwe National Park,9
Mining industry of South Africa,27
Mpumalanga,9
National anthem of South Africa,6
National symbols of South Africa,9
Music of South Africa,12
Nest,11
Noise pollution,25
Oliver Tambo,13
Nelson Mandela,401
National Women's Day,4
Outer space,139
People Against Gangsterism and Drugs,8
Paper,26
Petrol-paraffin engine,8
Outline of domestic violence,65
Pneumatics,1
Pitch (music),23
Reconciliation Day,2
Rail transport in South Africa,14
Pollution,54
Rail transport,49
Reproduction,20
Road map,7
Right to food,69
Rock (geology),11
San healing practices,10
Republic of South Africa,181
Politics of South Africa,3
San languages,5
San rock art,9
San religion,27
San people,89
Scale (map),6
Sand,10
Scientific classification (disambiguation),0
Settling,5
Scientific method,162
Sieving,6
Sexism,308
Soil,216
Sound,8
South African cuisine,0
Standard Model,39
Structure (disambiguation),0
South African locomotive history,30
Steve Biko,42
Stereotype,83
Tap (valve)#Water taps,2
Textile,23
Trade,50
Transport in South Africa,6
Transport,33
Two foot gauge railways in South Africa,40
Vibration,9
Volume (disambiguation),0
Walter Sisulu,10
Water privatization in South Africa,6
Water filter,10
Water pollution,42
Water supply and sanitation in South Africa,67
Water well,12
Wax,6
Western Cape,28
Wetlands,80
Wildlife management,20
Wildlife conservation,16
Winnie Madikizela-Mandela,43
Wood,26
Youth culture,30
Wool,40
Fire safety,8
Coal,141