article,seeAlso
Africa Day,0
Convenience food,0
Agriculture in South Africa,3
African music,0
Acid,0
AIDS orphan,1
!Kung people,0
Alcohol abuse,2
Alcohol dependence, 5
Aloe vera, 4
Alcoholism, 8
Animal husbandry, 14
Aloe, 3
Animal husbandry in South Africa, 0
Animal-powered transport, 16
Apartheid, 0
Atom, 0
Base (chemistry), 5
Automobile, 0
Bias, 0
Bicycle, 0
Biome, 0
Bill of Rights (South Africa), 0
Bird nest, 1
Borehole, 4
Boiling, 4
Bullying, 1
Castle of Good Hope, 3
Cell (biology), 0
Ceramic, 5
Child abuse, 0
Circuit diagram, 0
Clay, 0
Child abuseChild abuse, 0
Climate, 16
Children's Act (South Africa), 0
Coal in South Africa, 2
Control variable, 0
Coal, 0
Children's Day, 3
Cooking, 0
Cradle of Humankind, 0
Decanting, 0
Dependent and independent variables, 1
Design, 1
Discrimination, 40
Domestic violence in South Africa, 0
Drakensberg, 2
Duration (music), 1
Domestic violence, 5
Economy of South Africa, 0
Electrical conductor, 0
Ecosystem, 8
Electrical network, 31
Electricity generation, 0
Energy in South Africa, 0
Farm, 0
Fair trade, 4
Fire safety, 12
Fiber, 0
Flag of South Africa, 0
Food, 0
Food groups, 1
Food pyramid (nutrition), 3
Frances Baard, 0
Food security, 0
Food vs. fuel, 0
Gana and Gwi people, 2
Freedom Day (South Africa), 7
Free State (province), 1
Gangster, 0
Gauteng, 0
Griqua people, 3
Gender stereotypes, 0
Glass, 12
Hand washing, 11
Health, 1
Heritage Day (South Africa), 0
Health care in South Africa, 8
Herero and Namaqua Genocide, 0
History of South Africa, 15
History of writing, 0
Home safety, 2
HIV, 0
Hottentot Venus, 0
Human Rights Day, 5
HIV/AIDS, 0
Human nutrition, 0
Human swimming, 0
Hydraulics, 7
Insulator (electricity), 0
Khoikhoi, 0
Khoikhoi mythology, 0
Later Stone Age, 0
Latitude, 18
Liquid fuel, 0
List of South Africans, 6
Longitude, 18
Mandela Day, 0
Mahatma Gandhi, 5
Map, 0
Mapungubwe, 11
Mapungubwe Museum, 0
Malaria, 0
Mapungubwe National Park, 1
Mining industry of South Africa, 1
Mpumalanga, 1
National anthem of South Africa, 5
Music of South Africa, 4
National symbols of South Africa, 5
Nest, 3
Nelson Mandela, 0
Oliver Tambo, 0
National Women's Day, 3
Noise pollution, 6
Outer space, 0
Outline of domestic violence, 9
People Against Gangsterism and Drugs, 0
Petrol-paraffin engine, 0
Paper, 26
Pitch (music), 17
Pneumatics, 4
Politics of South Africa, 0
Reconciliation Day, 0
Pollution, 1
Rail transport in South Africa, 15
Rail transport, 0
Reproduction, 7
Road map, 1
Rock (geology), 0
Republic of South Africa, 0
San healing practices, 1
San languages, 0
San religion, 0
San rock art, 9
San people, 10
Sand, 0
Scale (map), 0
Scientific classification (disambiguation), 4
Settling, 5
Scientific method, 36
Sexism, 43
Sieving, 0
Sound, 25
Soil, 0
South African cuisine, 0
Standard Model, 0
South African locomotive history, 2
Structure (disambiguation), 1
Stereotype, 37
Right to food, 0
Steve Biko, 4
Tap (valve)#Water taps, 0
Textile, 18
Trade, 0
Transport in South Africa, 0
Transport, 0
Two foot gauge railways in South Africa, 0
Vibration, 34
Volume (disambiguation), 4
Water filter,9
Walter Sisulu,0
Water privatization in South Africa,1
Water pollution,0
Water supply and sanitation in South Africa,4
Wax,1
Water well,6
Western Cape,0
Wetlands,0
Wildlife conservation,4
Winnie Madikizela-Mandela,1
Wildlife management,0
Youth culture,10
Wood,0
Wool,37
Coal,0
Fire safety,12